"","ID_sequencing","ID_Environmental","Longitude","Latitude","Continent","Clay_silt","Soil_C","Soil_N","Soil_P","Soil_C_N_ratio","pH","Aridity_Index","MDR","MAXT","MINT","PSEA","Forest","Grassland","Shrubland","UV_Light","NPP2003_2015","Ecosystem_type","Low_pH_cluster","Drylands_cluster","High_pH_cluster","Dry_forest_cluster","Low_productivity_cluster","CZ"
"1",1,1,-54.68333333,-26.73333333,"South_america",82,1.771,0.248,559.298,7.144,5.9,1.008,13,31.7,8.6,17,1,0,0,10.525,0.819972904,"Temperate forests",-0.203028813222117,-0.692026886606907,-0.457046460059777,-0.519430641598428,-0.698867059202576,"Cfa"
"2",2,2,-148.25,64.8,"North_America",80,3.217,0.156,911.506,20.597,5.12,0.549,11,21.6,-27,66,1,0,0,2.322,0.380480105,"Boreal",0.279472988963972,-0.740383994137488,-0.730829037785364,-0.323655312013867,-0.73037029572539,"Dfc"
"3",3,3,-72.19,42.53,"North_America",42,34.772,1.398,1269.108,24.881,4.04,1.228,12.2,26.3,-12.7,7,1,0,0,5.407,0.658017391,"Cold forests",0.288032293284758,-0.765860883060827,-0.721771868993783,-0.671150579315107,-0.73037029572539,"Dfb"
"4",4,4,-96.57,39.09,"North_America",35.8,5.931,0.585,763.273,10.142,8.13,0.756,12.7,32.3,-9.1,51,1,0,0,6.41,0.475787455,"Temperate forests",-0.387621120288655,-0.586795524350766,0.216582822910358,-0.492100470332533,-0.686479648265487,"Cfa"
"5",5,5,-122.26,44.21,"North_America",28.2,9.713,0.895,1702.348,10.85,5.46,1.764,13.1,27.6,-2,62,0,1,0,6.029,0.779492353,"Grasslands",0.553377679648806,-0.703946517375385,-0.646650518662523,-0.164321411393317,-0.375899883565223,"Csb"
"6",6,6,-155.26,19.81,"North_America",4.6,10.647,0.65,2457.207,16.39,5.79,1.812,8.9,21.8,9,39,0,1,0,10.902,0.701963558,"Grasslands",0.246865140404917,-0.715487294223222,-0.674332621922594,-0.491428520461398,-0.727090333196888,"Cfb"
"7",7,7,-105.37,39.99,"North_America",53.2,19.257,0.992,926.275,19.405,5.16,0.428,16.3,26,-11.6,40,1,0,0,7.969,0.478159513,"Cold forests",0.652452692875311,-0.728130632818387,-0.709505752553422,-0.422210942913945,-0.589405142013336,"Dfb"
"8",8,8,-83.5,35,"North_America",6.2,4.374,0.223,434.225,19.587,5.81,1.86,12.2,25.1,-5.8,9,1,0,0,7.451,0.701130564,"Temperate forests",0.21530913371507,-0.765860883060827,-0.742009284793851,-0.529157776001349,-0.73037029572539,"Cfa"
"9",9,9,-155.26,19.81,"North_America",26.6,21.215,1.039,875.79,20.428,4.38,1.812,8.9,21.8,9,39,1,0,0,10.902,0.701963558,"Temperate forests",0.253523729009108,-0.765860883060827,-0.712346616778682,-0.547169221369623,-0.73037029572539,"Cfb"
"10",10,10,-72.19,42.53,"North_America",34.8,2.75,0.223,715.831,12.34,7.42,1.228,12.2,26.3,-12.7,7,0,1,0,5.407,0.658017391,"Cold grasslands",-0.233004875979757,-0.569936753324216,-0.162243061039682,-0.535194019821491,-0.614632760787043,"Dfb"
"11",11,11,-83.5,35,"North_America",36.2,5.308,0.31,530.809,17.125,4.63,1.86,12.2,25.1,-5.8,9,0,1,0,7.451,0.701130564,"Grasslands",0.417952090887071,-0.706850369715476,-0.705552377806477,-0.45122357219414,-0.681367080955465,"Cfa"
"12",12,12,-71.75,43.94,"North_America",20.6,3.729,0.481,705.448,7.757,5,1.386,12.1,24.7,-15.4,13,0,1,0,5.218,0.636037907,"Cold grasslands",0.482543184968697,-0.755008417536135,-0.715338745530416,-0.608626360792208,-0.694516167418379,"Dfb"
"13",13,13,-71.75,43.94,"North_America",6.8,6.458,1.474,921.441,4.383,4.18,1.386,12.1,24.7,0,13,1,0,0,5.218,0.636037907,"Cold forests",0.135670948078918,-0.763692060620728,-0.72442004711294,-0.652336550536761,-0.73037029572539,"Dfb"
"14",14,14,-85.4,42.4,"North_America",61.8,1.642,0.342,695.064,4.803,6.31,0.92,11.3,28.8,-9.8,24,0,1,0,5.542,0.511271035,"Cold grasslands",0.193618004823841,-0.564107141938349,-0.505443071471947,-0.432542084303936,-0.675436300804676,"Dfa"
"15",15,15,-147.84,64.85,"North_America",76,2.087,0.127,644.132,16.422,5.56,0.546,11.1,22.5,-27.1,53,0,1,0,2.369,0.321424953,"Boreal",0.236686926783178,-0.763692060620728,-0.702897259531506,-0.508307385429014,-0.318713877331986,"Dfc"
"16",16,16,-85.4,42.4,"North_America",40.8,1.953,0.179,511.743,10.903,5.84,0.92,11.3,28.8,-9.8,24,1,0,0,5.542,0.511271035,"Cold forests",0.430650987143194,-0.685916706960412,-0.55601724773151,-0.479031761983084,-0.681950344674891,"Dfa"
"17",17,17,-105.37,39.99,"North_America",38,4.89,0.442,731.496,11.074,5.21,0.428,16.3,26,-11.6,40,0,1,0,7.969,0.478159513,"Cold grasslands",0.154622278256049,-0.73252408966909,-0.735066099682119,-0.611196285828815,-0.589630528719668,"Dfb"
"18",18,18,-65.8,18.3,"North_America",73.4,3.9,0.382,473.79,10.207,5.13,2.184,8.7,26.4,14,25,0,1,0,11.258,0.717459314,"Grasslands",-0.182725123788399,-0.737257918080205,-0.702450569456541,-0.62048172185339,-0.73037029572539,"Am"
"19",19,19,-96.57,39.09,"North_America",81.6,2.966,0.312,495.541,9.5,7.13,0.756,12.7,32.3,-9.1,51,0,1,0,6.41,0.475787455,"Grasslands",-0.123481577351492,-0.499323301539886,-0.0542799181946768,-0.385091453634167,-0.376252456239723,"Cfa"
"20",20,20,-93.2,45.4,"North_America",29,0.897,0.065,373.178,13.708,4.87,0.835,11.6,28.1,-17.5,51,1,0,0,5.041,0.443307162,"Cold forests",0.429636941399301,-0.732789234667951,-0.711057326550914,-0.593072394451246,-0.717722596974114,"Dfb"
"21",21,21,-93.2,45.4,"North_America",8.6,0.607,0.06,318.485,10.102,4.86,0.835,11.6,28.1,-17.5,51,0,1,0,5.041,0.443307162,"Cold grasslands",0.398666894974463,-0.695490678778803,-0.581095524723417,0.207417503186453,-0.454500092360802,"Dfb"
"22",22,22,-147.84,64.85,"North_America",76.2,0.83,0.052,488.112,16.012,5.8,0.546,11.1,22.5,-27.1,53,1,0,0,2.369,0.321424953,"Boreal",0.471010559553236,-0.67440594077802,-0.493862733580536,-0.463853752760218,-0.0449811816260879,"Dfc"
"23",23,23,-65.8,18.3,"North_America",76,5.335,0.385,259.228,13.859,4.97,2.184,8.7,26.4,14,25,1,0,0,11.258,0.717459314,"Tropical forests",0.358520848946498,-0.748521096968252,-0.726885461448402,-0.57751422169805,-0.73037029572539,"Am"
"24",24,24,-79.08333333,35.96666667,"North_America",43,4.979,0.074,560.438,67.519,5.37,0.914,13.2,31.5,-2.6,11,1,0,0,6.886,0.638289994,"Temperate forests",-0.0681722002200321,-0.472273417043873,-0.126574850497074,-0.42461015850514,-0.31288438648565,"Cfa"
"25",25,25,30.71573,-29.81161,"Africa",50,5.001,0.336,347.846,14.884,5.2,0.732,10.9,26,7.3,55,0,1,0,9.783,0.589178231,"Grasslands",0.380881911480871,-0.665920066385266,-0.730389004541055,-0.266224071704075,-0.609728036954607,"Cfa"
"26",26,26,151.139517,-27.734896,"Australia",16.5,1.475,0.111,75.101,13.288,4.9,0.434,14.3,31.5,3.7,36,0,1,0,9.95,0.474197314,"Grasslands",0.960294866772621,-0.708540949024124,-0.712075800632025,-0.221453964501327,-0.650958984425121,"Cfa"
"27",27,27,117.610853,-31.782138,"Australia",20,1.397,0.081,138.207,17.248,5.1,0.219,13.9,33.4,4.9,55,1,0,0,8.999,0.29044541,"Dry forests",0.538522212258029,-0.186109177217906,-0.651594141401542,0.306888376641628,-0.337181754672486,"BSk"
"28",28,28,30.29174,-29.28424,"Africa",58,22.38,1.263,909.357,17.72,5.2,0.78,12.3,22.3,0.3,67,0,1,0,10.233,0.60525441,"Grasslands",0.476353131996468,-0.597008195002594,-0.730750960896355,-0.0673762410857781,-0.675379488959233,"Cwb"
"29",29,29,30.4,-29.67,"Africa",82.4,5.958,0.322,423.573,18.502,5.6,0.632,12.8,26.8,5.1,62,0,1,0,9.966,0.585518917,"Grasslands",0.51483786788175,-0.632216440949098,-0.570035823917919,-0.488261210086819,-0.594935234136799,"Cfb"
"30",30,30,-86.70167,36.871944,"North_America",71,1.608,0.13,426.527,12.373,5.4,1.054,12.6,31.4,-4.9,14,0,1,0,6.766,0.564117686,"Grasslands",0.266866442672405,-0.605510000331754,-0.611038102213937,-0.440577480674436,-0.655201837459394,"Cfa"
"31",31,31,-101.63,41.2,"North_America",39.5,1.675,0.099,291.632,16.921,6.6,0.403,15,31.7,-11.8,60,0,1,0,6.641,0.339228787,"Dry grasslands",-0.10890538812786,-0.502575990746058,-0.0734661869243545,0.211606574857542,0.270135213762436,"BSk"
"32",32,32,10.372252,46.631345,"Europe",42.45,3.132,0.426,670.538,7.353,5.4,2.439,5.9,11.6,-9.6,29,0,1,0,6.008,0.242544889,"Cold grasslands",0.325603981103487,-0.576221673190737,-0.416911879713966,-0.527538778999621,-0.470888607108731,"ET"
"33",33,33,-96.582821,39.070856,"North_America",92,3.344,0.242,446.667,13.811,5.6,0.761,12.6,32.1,-9,50,0,1,0,6.41,0.475787455,"Grasslands",-0.0814921774004363,-0.0748822251570487,-0.180373064301226,-0.103224559094829,0.118685098324141,"Cfa"
"34",34,34,-123.38,48.46,"North_America",64.7,5.524,0.374,1007.284,14.77,5.8,1.074,7.4,20.3,1.8,64,0,1,0,4.324,0.585039006,"Grasslands",0.252722419694108,-0.545289323426266,-0.464269564236162,-0.481897014439307,-0.553894642664027,"Csb"
"35",35,35,-120.24,39.43,"North_America",49.3,4.267,0.997,567.867,4.28,6.1,0.858,16.1,25.9,-9.5,69,0,1,0,7.556,0.472481173,"Grasslands",-0.254966928308566,-0.602478650480066,-0.427035333026461,-0.575424025768219,-0.53722867729001,"Csb"
"36",36,36,-121.9680169,44.27668543,"North_America",44,21.535,0.633,4111.04,34.021,5.4,1.935,12.2,23.8,-6.3,65,0,1,0,6.044,0.443837079,"Grasslands",0.885658650077422,-0.637271752527597,-0.636060948267615,-0.0883185613840623,-0.526779698099707,"Csb"
"37",37,37,-93.38538333,41.78506667,"North_America",12,1.041,0.066,265.494,15.775,5.6,0.849,11.8,29.6,-13.1,46,0,1,0,5.773,0.419634634,"Cold grasslands",0.166791597497768,-0.462611322849248,-0.578459311750897,-0.428159100833074,-0.476456389293379,"Dfa"
"38",38,38,-96.88,31.48,"North_America",80.2,4.189,0.27,585.501,15.515,7.5,0.606,12.6,35.6,2,26,0,1,0,8.136,0.496607955,"Grasslands",-0.38958288285782,-0.549565204242829,0.130223245189719,-0.503977951788293,-0.47298629321538,"Cfa"
"39",39,39,-95.54,40.15,"North_America",75.7,3.889,0.26,743.849,14.957,6.5,0.764,12.9,31.9,-10.6,48,0,1,0,6.139,0.428164833,"Cold grasslands",-0.270339882257073,-0.343601987515193,-0.0678218686994635,-0.441575560425596,-0.432784532124022,"Dfa"
"40",40,40,-96.52,40.16,"North_America",67.7,3.177,0.22,354.559,14.44,7.6,0.714,13.1,31.9,-10.6,51,0,1,0,6.18,0.445982282,"Cold grasslands",0.224750135706599,-0.420352892984808,-0.407945533414925,-0.265573054053724,-0.136043924052163,"Dfa"
"41",41,41,-96.81,40.87,"North_America",63.5,4.423,0.25,476.564,17.691,7.2,0.679,12.5,31.5,-11.2,53,0,1,0,6.112,0.400580476,"Cold grasslands",0.00330629748809307,-0.352107718301998,-0.292041466654461,-0.230408623830275,-0.550544796497051,"Dfa"
"42",42,42,-97.11,41.61,"North_America",80.1,5.001,0.35,879.281,14.289,6.1,0.669,13,31.1,-12.5,54,0,1,0,5.945,0.412416772,"Cold grasslands",-0.0420543841905843,-0.573451997010684,-0.272285945306728,-0.417891373608661,-0.510534946536723,"Dfa"
"43",43,43,-95.58,42.88,"North_America",76.2,6.392,0.44,805.791,14.526,6.7,0.729,12.6,29.6,-15.1,54,0,1,0,5.689,0.414233886,"Cold grasslands",-0.298470585106819,-0.436077405895643,0.0678180605721457,-0.463819251757192,-0.548285740038045,"Dfa"
"44",44,44,-93.66,43.51,"North_America",38.3,5.301,0.33,540.566,16.065,6.3,0.846,11.5,28.3,-15.8,53,0,1,0,5.37,0.369589224,"Cold grasslands",-0.284573209266257,-0.566091373244069,0.105583835909414,-0.471470680599352,-0.566678184844366,"Dfa"
"45",45,45,-96.97,43.55,"North_America",57.2,4.979,0.42,822.978,11.854,7.1,0.636,12.8,29.6,-16.2,52,0,1,0,5.527,0.387911407,"Cold grasslands",-0.375265907636846,-0.490931640667184,0.203369837948077,-0.604576402115739,-0.56162152284009,"Dfa"
"46",46,46,-96.78,44.04,"North_America",61.3,4.423,0.4,704.374,11.057,6.4,0.627,12.7,28.9,-17.4,57,0,1,0,5.407,0.390687521,"Cold grasslands",-0.161715883003233,-0.424831068723253,-0.165430133791183,-0.553484416797363,-0.571744590099802,"Dfa"
"47",47,47,-96.71,44.26,"North_America",74,8.071,0.71,1083.28,11.368,7.9,0.617,12.6,28.7,-17.9,60,0,1,0,5.407,0.380996463,"Cold grasslands",-0.529480472832584,-0.683151828978826,-0.0548641666774211,-0.588180563769294,-0.710793853674983,"Dfa"
"48",48,48,-96.43,47.05,"North_America",25.1,5.02,0.43,603.716,11.674,7.1,0.648,12.3,28.1,-21,57,0,1,0,4.722,0.359469053,"Cold grasslands",-0.26960256750552,-0.592637930897944,0.0167489463319344,-0.450886247394302,-0.345632139787719,"Dfb"
"49",49,49,-96.6,39.1,"North_America",78,0.952,0.45,354.38,2.116,6.37,0.74,12.9,32.6,-8.9,51,0,1,0,6.41,0.460417974,"Grasslands",-0.559576319666783,0.455430315491468,0.295291857992723,-0.403811991721419,0.478744748986336,"Cfa"
"50",50,50,-79.7442,9.1565,"North_America",28.9,2.12,0.189,258.333,11.222,4.36,1.736,7,31.6,22.1,59,1,0,0,12.978,0.630087718,"Tropical forests",-0.00613478588863565,-0.757192788919243,-0.739079539292337,-0.399760240682397,-0.73037029572539,"Am"
"51",51,51,-79.7427,9.16093,"North_America",42.8,2.165,0.189,174.818,11.425,4.51,1.775,7,31.6,22,59,1,0,0,12.978,0.630087718,"Tropical forests",0.0899619658128256,-0.761544224819034,-0.748388406909075,-0.384859935046325,-0.73037029572539,"Am"
"52",52,52,-79.771875,9.15761,"North_America",57,4.679,0.371,195.316,12.61,5,1.797,7,31.3,21.8,58,1,0,0,12.978,0.630087718,"Tropical forests",0.0796141362443774,-0.748377721684019,-0.736449982964332,-0.461285577353416,-0.73037029572539,"Am"
"53",53,53,-71.23333333,-12.63333333,"South_america",65,5.691,0.286,522.842,19.864,4.12,1.842,10.6,31.1,17.7,41,1,0,0,13.825,0.738406135,"Tropical forests",0.272290161915308,-0.758362752308208,-0.704153955592916,-0.627338366930733,-0.386824350261572,"Af"
"54",54,54,-79.8553,9.15125,"North_America",65,5.657,0.584,911.774,9.687,5.88,1.886,6.8,31,21.8,57,1,0,0,12.978,0.565379372,"Tropical forests",-0.239289119858848,-0.728155886131746,-0.473449164905487,-0.557848018845398,-0.715663645084525,"Am"
"55",55,55,-111.00378,45.573646,"North_America",50,8.349,0.467,1190.427,17.888,7,0.767,14.3,23.8,-13.7,25,1,0,0,6.588,0.485680506,"Cold forests",-0.339293211006294,-0.563347817306101,-0.0673770994436749,-0.503660138822229,-0.637790951110595,"Dfb"
"56",56,56,-111.00378,45.573646,"North_America",50,9.095,0.718,1449.028,12.67,6.5,0.767,14.3,23.8,-13.7,25,1,0,0,6.588,0.485680506,"Cold forests",-0.320390018662845,-0.590759541028866,-0.0607485470219427,-0.570202180835286,-0.592529193053834,"Dfb"
"57",57,57,-111.00378,45.573646,"North_America",25,9.295,0.371,316.182,25.079,4.9,0.767,14.3,23.8,-13.7,25,1,0,0,6.588,0.485680506,"Cold forests",0.442863400994607,-0.709723440665595,-0.71382983538873,-0.582744638160489,-0.49325888729437,"Dfb"
"58",58,58,-111.00378,45.573646,"North_America",25,3.299,0.098,203.294,33.671,4.9,0.767,14.3,23.8,-13.7,25,1,0,0,6.588,0.485680506,"Cold forests",0.754802645495526,-0.755455172325521,-0.698074021931032,-0.603749264206032,-0.098947926940545,"Dfb"
"59",59,59,-111.00378,45.573646,"North_America",25,2.643,0.129,646.087,20.514,5.9,0.767,14.3,23.8,-13.7,25,1,0,0,6.588,0.485680506,"Cold forests",0.270510806842447,-0.546480558539633,-0.430749745627805,-0.4345143974697,-0.262602774406495,"Dfb"
"60",60,60,-111.00378,45.573646,"North_America",20,2.61,0.402,875.475,6.492,7.1,0.767,14.3,23.8,-13.7,25,1,0,0,6.588,0.485680506,"Cold forests",-0.360603054293288,-0.493019409882572,0.375203661891769,-0.488803479135445,-0.300488965492376,"Dfb"
"61",61,61,-111.00378,45.573646,"North_America",5,10.674,1.012,1229.126,10.547,6.6,0.767,14.3,23.8,-13.7,25,1,0,0,6.588,0.485680506,"Cold forests",-0.138162078912465,-0.69361871000948,-0.381513048195848,-0.578645921365537,-0.717722596974114,"Dfb"
"62",62,62,-111.00378,45.573646,"North_America",50,2.242,0.121,264.132,18.488,5,0.767,14.3,23.8,-13.7,25,1,0,0,6.588,0.485680506,"Cold forests",0.870720422995929,-0.648918228120884,-0.619853269142145,-0.487737156830753,-0.153024404983694,"Dfb"
"63",63,63,-111.00378,45.573646,"North_America",50,4.556,0.313,826.644,14.557,5.9,0.767,14.3,23.8,-13.7,25,1,0,0,6.588,0.485680506,"Cold forests",0.137232708893798,-0.537532426677666,-0.330012327112922,-0.49110123945555,0.0420473745879857,"Dfb"
"64",64,64,-111.00378,45.573646,"North_America",50,7.37,0.246,618.505,29.974,5.5,0.767,14.3,23.8,-13.7,25,1,0,0,6.588,0.485680506,"Cold forests",0.447001363335309,-0.74304147734876,-0.671349720347677,-0.624300761350791,-0.565796500585472,"Dfb"
"65",65,65,-106.7333333,34.33333333,"North_America",22,2.131,0.129,303.247,16.52,8.31,0.169,19.1,33.5,-7.2,64,0,0,1,9.072,0.17508609,"Dry grasslands",0.610496276529955,-0.666097269583544,-0.619439378217065,-0.583035531809624,-0.661717187763003,"BSk"
"66",66,66,-96.57,44.8,"North_America",42,5.079,0.568,723.73,8.935,6.7,0.649,12.4,29,-17.3,54,0,1,0,5.286,0.396895883,"Cold grasslands",-0.214696036654968,-0.563667633309777,-0.137245589477167,-0.422929392105553,-0.503775217274562,"Dfa"
"67",67,67,-149.5833333,68.63333333,"North_America",57,2.61,0.178,702.757,14.653,4.58,0.61,11.5,16.6,-35.2,64,0,1,0,2.149,0.198092001,"Cold grasslands",0.746800087617477,-0.741250476413377,-0.700416349405027,-0.604762737288956,-0.522120626398169,"Dfc"
"68",68,68,-79.7453,9.16176,"North_America",57.9,2.454,0.242,371.129,10.157,5.36,1.775,7,31.6,22,59,1,0,0,12.978,0.630087718,"Tropical forests",-0.00471780067019944,-0.69181937050517,-0.654501307545533,-0.50035220876761,-0.690859516015709,"Am"
"69",69,69,146.212,-34.7118,"Australia",37.768,3.798,0.246,369.663,15.458,7.92,0.313,13.2,32.4,3.4,12,1,0,0,8.068,0.402422846,"Dry forests",-0.487837474041082,0.508364294316624,0.498711143241752,-0.0183999105434337,0.516407267793851,"BSk"
"70",70,70,146.197,-34.7133,"Australia",45.42,5.557,0.166,638.981,33.478,7.36,0.311,13.2,32.4,3.4,12,1,0,0,8.068,0.367671173,"Dry forests",-0.313139355305637,0.711769556258184,0.230029823627049,0.490893728664739,0.106912775948206,"BSk"
"71",71,71,145.759,-33.3576,"Australia",42.297,2.272,0.145,478.88,15.69,7.37,0.268,13.3,32.9,3.5,14,1,0,0,8.397,0.38836566,"Dry forests",0.295759468260672,0.832831742396149,-0.0501155909321484,1.23033910332975,0.433747900851791,"BSk"
"72",72,72,144.525,-35.3443,"Australia",41.691,8.071,0.125,451.59,64.466,6.02,0.288,13.2,31.8,3.7,17,1,0,0,7.801,0.463925782,"Dry forests",0.959301497524933,1.4580958202579,-0.22963796476626,1.36813488999124,0.114185922303349,"BSk"
"73",73,73,145.786,-34.5205,"Australia",39.695,6.425,0.309,555.633,20.813,6.77,0.293,13.4,32.4,3.4,18,1,0,0,8.016,0.42766,"Dry forests",-0.0713539659315288,0.947105211647849,0.382855504102848,1.02903476704815,0.0323896150109134,"BSk"
"74",74,74,146.347,-34.6507,"Australia",45.314,7.148,0.145,616.882,49.228,7.22,0.327,13.1,32.3,3.3,13,1,0,0,8.068,0.481390013,"Dry forests",-0.400825151421537,1.23002122654218,0.387837207078424,0.635745072753595,-0.130618765821649,"BSk"
"75",75,75,144.816,-35.4101,"Australia",38.314,3.393,0.219,397.755,15.487,7.09,0.283,13.2,31.7,3.6,15,1,0,0,7.801,0.424682006,"Dry forests",-0.104056676514825,0.96164774124106,0.246616005623847,1.23511555988722,0.433100899400101,"BSk"
"76",76,76,144.833,-35.4128,"Australia",61.958,8.405,0.288,543.117,29.174,7.11,0.284,13.2,31.8,3.6,15,1,0,0,7.801,0.424682006,"Dry forests",-0.295233549011984,1.23567024536217,0.232125880397273,0.669795965900188,-0.187501366029655,"BSk"
"77",77,77,146.187,-34.5303,"Australia",43.992,2.944,0.205,499.594,14.395,7.16,0.313,13.3,32.4,3.3,17,1,0,0,8.068,0.430082737,"Dry forests",0.650577368917523,0.963069184232671,-0.465789160294192,2.42366190896369,-0.120339544530787,"BSk"
"78",78,78,144.878,-35.504,"Australia",38.358,5.835,0.175,667.091,33.441,8.23,0.295,13.2,31.6,3.7,15,1,0,0,7.702,0.392100788,"Dry forests",-0.205296254992815,0.947974935300424,0.221739034294164,0.855776915592756,0.277920489915091,"BSk"
"79",79,79,144.827,-35.494,"Australia",35.714,5.457,0.314,747.524,17.402,7.88,0.29,13.2,31.6,3.7,15,1,0,0,7.801,0.424682006,"Dry forests",0.305152402481422,0.729075458549042,0.0912696658472891,1.56084518336258,0.484527503446778,"BSk"
"80",80,80,144.819,-35.4895,"Australia",27.548,9.751,0.415,940.107,23.519,6.98,0.29,13.2,31.7,3.6,15,1,0,0,7.801,0.424682006,"Dry forests",-0.122042828825736,0.95802968801927,0.240303465792992,0.952621668801722,0.287121673584216,"BSk"
"81",81,81,145.582,-33.4569,"Australia",65.117,2.672,0.155,291.562,17.252,8.27,0.269,13.1,32.6,3.5,15,1,0,0,8.397,0.391823167,"Dry forests",-0.344711080833887,0.819132474302774,0.227928977251861,0.506714210286548,0.0730943794498708,"BSk"
"82",82,82,145.596,-33.4563,"Australia",47.162,1.943,0.186,394.13,10.438,9.21,0.269,13.1,32.6,3.4,14,1,0,0,8.397,0.391823167,"Dry forests",-0.512888138901249,0.873752654278022,0.602129220717978,0.230647762489831,0.0995513871196136,"BSk"
"83",83,83,146.38558,-34.5578,"Australia",76,6.87,0.135,756.415,50.888,7.77,0.323,13.2,32.4,3.3,13,1,0,0,8.068,0.456556551,"Dry forests",-0.0458190976696232,0.593957537917614,0.0998157464515881,1.00360172528486,0.241973039567775,"BSk"
"84",84,84,145.758459,-33.35119,"Australia",79.2,3.967,0.144,512.201,27.549,8.04,0.268,13.3,32.9,3.5,14,1,0,0,8.397,0.38836566,"Dry forests",-0.241101603043778,1.25125979698988,0.240570453842725,0.612411655087545,-0.102648634593609,"BSk"
"85",85,85,145.55909,-33.47484,"Australia",79.2,2.681,0.174,236.999,15.409,8.84,0.268,13.1,32.6,3.4,15,1,0,0,8.397,0.391823167,"Dry forests",-0.348628944698643,1.4597395501107,0.520849577727875,0.87881128916272,0.329269086189371,"BSk"
"86",86,86,145.747545,-33.346019,"Australia",51.657,2.962,0.136,448.766,21.728,8.33,0.267,13.3,32.9,3.5,15,1,0,0,8.397,0.38836566,"Dry forests",-0.366419352098733,0.843458845929364,0.550521861942935,0.454622363874526,-0.24298163006233,"BSk"
"87",87,87,145.25161,-31.8654,"Australia",67.395,1.747,0.114,284.238,15.337,7.6,0.225,13.3,33.8,4.5,23,1,0,0,8.816,0.351216532,"Dry forests",0.212183060888643,1.06897334778153,-0.0304044297760276,1.20592305648288,0.669686212757667,"BSh"
"88",88,88,145.261715,-31.844558,"Australia",77.635,2.187,0.117,246.618,18.663,6.53,0.224,13.3,33.9,4.4,23,1,0,0,8.816,0.351216532,"Dry forests",0.357726812163105,0.713527801178621,-0.325802697557954,1.21662117457556,0.369209181441854,"BSh"
"89",89,89,145.591506,-32.633899,"Australia",84.647,1.222,0.14,108.653,8.752,7.89,0.267,13.3,33,3.7,19,1,0,0,8.575,0.391469833,"Dry forests",0.111138728983791,0.464390539810815,0.0864367321745856,1.15158292590788,0.658266701713734,"BSk"
"90",90,90,145.613197,-32.640211,"Australia",76.71,2.512,0.112,277.625,22.41,7.89,0.272,13.3,32.9,3.7,19,1,0,0,8.575,0.382889192,"Dry forests",-0.0136582545407855,0.819459413895034,0.192732062651426,0.864105395109041,0.531145896572306,"BSk"
"91",91,91,145.765813,-33.99013,"Australia",57.631,2.459,0.152,234.102,16.155,6.44,0.286,13.3,32.6,3.3,13,1,0,0,8.261,0.332364372,"Dry forests",-0.0791331797621671,0.638968868081504,0.0667663436140819,1.27293158710714,0.763426171546919,"BSk"
"92",92,92,145.774749,-33.984529,"Australia",74.457,3.398,0.115,333.719,29.518,6.47,0.286,13.3,32.6,3.3,13,1,0,0,8.261,0.332364372,"Dry forests",0.0444697138278503,1.01086158341447,0.0982514314946801,1.12619474741336,0.398564505789706,"BSk"
"93",93,93,145.698279,-33.993636,"Australia",66.917,2.152,0.139,182.472,15.514,6.11,0.284,13.3,32.5,3.3,14,1,0,0,8.261,0.328250712,"Dry forests",0.107094040846514,0.569527336643901,0.0224154176064572,1.08759212406905,1.04034658010317,"BSk"
"94",94,94,145.631861,-33.797051,"Australia",62.737,1.653,0.106,100.582,15.539,6.33,0.273,13.3,32.6,3.4,15,1,0,0,8.261,0.318786763,"Dry forests",0.389174118502585,0.724421581556627,-0.185511734441725,1.21020960063781,0.529112325446374,"BSk"
"95",95,95,145.637641,-33.794211,"Australia",74.958,2.027,0.104,169.209,19.473,5.98,0.277,13.2,32.6,3.4,14,1,0,0,8.261,0.318786763,"Dry forests",0.43969729381576,1.23095717417675,-0.352968105103329,1.40359408519575,0.238645545183609,"BSk"
"96",96,96,146.481861,-34.798363,"Australia",73.102,1.898,0.159,180.286,11.968,5.76,0.337,13.1,32.3,3.3,15,1,0,0,8.068,0.455572391,"Dry forests",0.69802307247285,0.60870046804009,-0.402759372361362,1.35785631406163,0.562630341858171,"BSk"
"97",97,97,146.490617,-34.825074,"Australia",71.236,2.076,0.147,150.044,14.162,6.01,0.352,13.1,32.2,3.1,15,1,0,0,8.068,0.410902571,"Dry forests",0.26546170863165,0.0646825357135971,-0.100661513333183,0.644018946939711,0.705503709747624,"BSk"
"98",98,98,145.992029,-34.76219,"Australia",85.524,1.836,0.092,206.866,20.02,6.02,0.294,13.4,32.5,3.4,14,1,0,0,8.016,0.424303455,"Dry forests",0.301168141825738,1.36705277706072,-0.156323481473712,1.39093334635685,0.413350299753358,"BSk"
"99",99,99,145.90637,-34.747744,"Australia",79.085,1.538,0.15,324.191,10.279,5.78,0.293,13.3,32.5,3.4,16,1,0,0,8.016,0.424303455,"Dry forests",0.561462718994889,0.789388504871838,-0.322650104575095,1.32832439851293,0.248702168408901,"BSk"
"100",100,100,146.465998,-34.811983,"Australia",77.428,2.534,0.094,246.727,26.961,5.89,0.338,13.1,32.4,3.3,15,1,0,0,8.068,0.410902571,"Dry forests",0.763398206552969,0.731439437809051,-0.397794177318019,1.59924622159103,0.0986514466448517,"BSk"
"101",101,101,145.5878,-33.8422,"Australia",61.8,2.232,0.179,288.793,12.468,6.5,0.275,13.3,32.6,3.4,14,1,0,0,8.261,0.326156019,"Dry forests",0.185967301132824,0.377559787152061,-0.113673259045602,1.71202204983636,1.03652470462574,"BSk"
"102",102,102,145.88378,-34.7974,"Australia",27.6,3.193,0.172,276.259,18.563,5.86,0.293,13.4,32.5,3.4,17,1,0,0,8.016,0.418196077,"Dry forests",0.642278206920463,0.535616954593523,-0.289935807061029,1.45514042771115,0.0865857518887344,"BSk"
"103",103,103,145.67999,-32.62636,"Australia",22.3,3.331,0.187,198.796,17.812,7.75,0.265,13.3,33.1,3.8,19,1,0,0,8.575,0.382889192,"Dry forests",-0.0780578247111426,1.28781563729583,0.0589774649041399,1.06064734456828,0.130644277355776,"BSk"
"104",104,104,145.2644,-31.875593,"Australia",37.1,2.743,0.115,112.478,23.853,7.36,0.229,13.3,33.8,4.3,22,1,0,0,8.816,0.351216532,"Dry forests",0.192484321856901,0.870757949343596,-0.123788724387023,1.37354702238017,0.262852967514777,"BSh"
"105",105,105,145.97622,-34.554395,"Australia",23.468,4.801,0.266,641.513,18.055,6,0.294,13.3,32.4,3.3,15,1,0,0,8.016,0.462033032,"Dry forests",0.777387343230924,0.92904443057713,-0.168406654132434,1.50733043082719,0.12766129752477,"BSk"
"106",106,106,145.96507,-34.557097,"Australia",39.947,3.967,0.266,459.278,14.895,6.06,0.294,13.3,32.4,3.3,15,1,0,0,8.016,0.462033032,"Dry forests",0.493943410511294,0.428291591446925,-0.0482308053020044,1.22365961777892,-0.145629624866326,"BSk"
"107",107,107,145.829136,-34.556716,"Australia",28.631,7.393,0.374,752.206,19.772,5.66,0.297,13.3,32.4,3.3,17,1,0,0,8.016,0.448531141,"Dry forests",1.17981939473067,0.767896899474287,-0.380563437947395,1.01374268278495,-0.370723799052445,"BSk"
"108",108,108,145.788243,-34.56556,"Australia",24.906,6.392,0.399,856.25,16.039,5.84,0.295,13.4,32.4,3.4,18,1,0,0,8.016,0.42766,"Dry forests",1.17179755431978,1.2747933024745,-0.398026606377349,1.70547740518272,-0.285898673194553,"BSk"
"109",109,109,145.779652,-34.538107,"Australia",23.61,10.418,0.35,722.711,29.775,5.85,0.297,13.4,32.4,3.4,17,1,0,0,8.016,0.42766,"Dry forests",1.38109678036791,0.802916244945977,-0.387499889484951,0.873001875724288,-0.41217685723441,"BSk"
"110",110,110,145.891286,-35.934712,"Australia",20.612,7.137,0.316,754.447,22.585,7.05,0.386,12.9,31.3,3.4,16,1,0,0,7.754,0.501150833,"Temperate forests",1.46299555201015,-0.291704371091706,-0.607619842610703,0.606760065593265,-0.642005114739919,"Cfa"
"111",111,111,145.87919,-35.950539,"Australia",22.381,8.583,0.428,783.232,20.063,5.58,0.387,12.9,31.3,3.4,17,1,0,0,7.754,0.501150833,"Temperate forests",1.17283443307426,-0.136616670115883,-0.53769963131219,0.644169879056685,-0.327263848371397,"Cfa"
"112",112,112,145.74798,-35.953218,"Australia",24.476,6.091,0.299,853.335,20.345,6.48,0.379,12.9,31.2,3.4,16,1,0,0,7.754,0.519245891,"Temperate forests",1.80448536471222,0.396221721337461,-0.597235553094548,1.67401090374298,-0.279336839357011,"Cfa"
"113",113,113,145.685582,-35.9228,"Australia",31.67,6.436,0.33,623.878,19.503,5.15,0.378,13,31.2,3.4,17,1,0,0,7.754,0.562123808,"Temperate forests",1.3908620482865,0.0376019567656493,-0.636885291561177,0.732866163082129,-0.49206410557697,"Cfa"
"114",114,114,145.6486,-35.884732,"Australia",20.62,8.661,0.348,841.548,24.887,5.31,0.371,13,31.3,3.3,17,1,0,0,7.754,0.476544545,"Temperate forests",1.21590666701831,-0.0130560314374846,-0.579634471889494,0.866336745008016,-0.587522396421065,"Cfa"
"115",115,115,145.601954,-35.864302,"Australia",23.303,6.28,0.349,750.803,17.995,5.58,0.365,13.1,31.4,3.3,17,1,0,0,7.754,0.476544545,"Temperate forests",1.0708961799743,-0.0775146415621967,-0.482702003208785,0.677837485913142,-0.591358729377177,"Cfa"
"116",116,116,144.614926,-35.358242,"Australia",33.464,4.234,0.202,508.066,20.969,6.77,0.285,13.2,31.8,3.7,16,1,0,0,7.801,0.393615013,"Dry forests",1.5495535453456,0.246267463786066,-0.690133506198246,1.00036448367481,-0.508426359338724,"BSk"
"117",117,117,144.580937,-35.351175,"Australia",33.429,5.58,0.218,365.673,25.629,5.36,0.288,13.2,31.8,3.7,16,1,0,0,7.801,0.463925782,"Dry forests",1.53662290948272,0.273063343525307,-0.538051557166545,0.853869765707398,-0.543517453118187,"BSk"
"118",118,118,144.574145,-35.329233,"Australia",31.274,6.67,0.262,636.467,25.447,7.05,0.286,13.2,31.7,3.7,16,1,0,0,7.801,0.463925782,"Dry forests",1.52979763260607,1.36363981025353,-0.631250280374865,1.12383455157342,-0.289384862767075,"BSk"
"119",119,119,144.647202,-35.350591,"Australia",39.006,4.423,0.229,460.134,19.355,6.47,0.279,13.2,31.8,3.7,16,1,0,0,7.801,0.393615013,"Dry forests",1.67530415241042,0.30683080557607,-0.674907235576813,1.11014156002439,-0.530633087057168,"BSk"
"120",120,120,145.70554,-34.5239,"Australia",89.9,2.32,0.358,381.195,6.481,6.14,0.299,13.4,32.4,3.4,18,1,0,0,8.016,0.42766,"Dry forests",0.500689069711516,0.494486136411414,-0.149569369219002,1.03987926278668,0.151385734661924,"BSk"
"121",121,121,144.5354,-35.3858,"Australia",76.2,7.348,0.219,1015.002,33.553,7.85,0.291,13.2,31.6,3.7,17,1,0,0,7.801,0.463925782,"Dry forests",0.349532336121432,1.43257412150674,-0.215408648009004,1.75427281483854,-0.226207998476158,"BSk"
"122",122,122,144.52706,-35.3523,"Australia",87.4,5.535,0.313,536.158,17.684,7.11,0.288,13.2,31.8,3.7,17,1,0,0,7.801,0.463925782,"Dry forests",0.95348416159938,1.50500231007607,-0.411039798251038,1.2685382925662,-0.0858905767572875,"BSk"
"123",123,123,-2.285400608,52.04949371,"Europe",70,6.18,0.404,868.929,15.3,5.68,0.993,7.3,20.7,1.1,12,0,1,0,3.618,0.664889962,"Grasslands",0.133550565505921,-0.631518627197227,-0.476961186364869,-0.578537424648931,-0.59085101790761,"Cfb"
"124",124,124,-2.067171822,52.17127185,"Europe",70,7.437,0.34,1274.008,21.895,6.34,0.941,7.4,20.8,0.8,12,0,1,0,3.618,0.643917731,"Grasslands",-0.187829849738162,-0.625099783994513,-0.255115116693774,-0.581968769932098,-0.681116524962183,"Cfb"
"125",125,125,-2.0793194,52.243108,"Europe",70,7.771,0.329,863.045,23.593,6.5,0.972,7.4,20.5,0.6,11,0,1,0,3.618,0.676675788,"Grasslands",-0.378608686248382,-0.699802991712009,-0.213879921084456,-0.630099756812814,-0.708247579825487,"Cfb"
"126",126,126,-2.0077184,52.249886,"Europe",70,7.882,0.395,837.23,19.943,6.86,0.966,7.4,20.6,0.6,12,0,1,0,3.618,0.676675788,"Grasslands",-0.417237218470261,-0.629563901018405,-0.00886368444659119,-0.587552592785074,-0.649299330257669,"Cfb"
"127",127,127,-2.0332443,52.281878,"Europe",70,6.603,0.384,995.873,17.215,6.03,0.99,7.4,20.4,0.5,11,0,1,0,3.618,0.676675788,"Grasslands",-0.187152823496606,-0.588113538022308,-0.342697120527927,-0.648711772261248,-0.618411048720696,"Cfb"
"128",138,128,-2.9004561,51.065861,"Europe",70,4.044,0.613,698.572,6.593,5.55,1.262,6.9,20.8,1.1,18,0,1,0,3.78,0.696133814,"Grasslands",0.0515364097841731,-0.607935314916517,-0.604505366555738,-0.590700034711273,-0.605506828831832,"Cfb"
"129",145,129,-2.3406767,54.168173,"Europe",85,8.111,0.743,1220.558,10.917,6.71,2.215,7,18.3,-1,23,0,1,0,3.367,0.60396731,"Grasslands",-0.410598965639875,-0.734135364859256,-0.175219153207134,-0.579138137265751,-0.73037029572539,"Cfb"
"130",149,130,-3.875976,50.808636,"Europe",80,4.679,0.257,1313.232,18.221,4.74,1.791,6.1,19.7,1.6,25,0,1,0,3.859,0.729346077,"Grasslands",0.0224530457657972,-0.695071681317898,-0.714995415272101,-0.606293406785466,-0.664002148025682,"Cfb"
"131",151,131,-4.427518,50.835199,"Europe",85,4.356,0.188,1406.946,23.196,5.18,1.692,5.7,19.5,2.4,25,0,1,0,3.838,0.763239673,"Grasslands",-0.212512201018911,-0.751410010624771,-0.686133751727915,-0.657223087101443,-0.681428403125257,"Cfb"
"132",160,132,0.81922022,52.440139,"Europe",30,9.09,0.283,1805.822,32.118,4.72,0.922,7.1,20.6,-0.3,11,0,1,0,3.556,0.610175538,"Grasslands",0.347789849695733,-0.751546627300982,-0.734968735642182,-0.597838078831339,-0.73037029572539,"Cfb"
"133",165,133,-2.0036085,51.814047,"Europe",70,2.943,0.442,1375.246,6.657,7.62,1.147,7.4,20,-0.3,13,0,1,0,3.702,0.64285784,"Grasslands",-0.435640129521089,-0.684484389310752,-0.113517059604622,-0.673700579652407,-0.697227588236022,"Cfb"
"134",172,134,-69.676417,-41.807778,"South_america",9.504,0.697,0.057,987.911,12.228,6.759,0.215,13.7,22.8,-4.5,51,0,1,0,7.488,0.159943776,"Grasslands",-0.162159147762099,-0.0838550960310588,0.111534652810732,-0.247086669695676,0.681871410016721,"Csb"
"135",173,135,-71.059489,-41.004278,"South_america",33.871,2.179,0.19,1529.923,11.481,6.5,0.731,12,21,-2.8,66,0,1,0,7.503,0.314849744,"Grasslands",0.408021082940746,-0.436980157435777,-0.240495099862312,-0.466296915075431,0.19362302887692,"Csb"
"136",174,136,-70.080944,-41.253333,"South_america",28.695,1.458,0.119,924.021,12.276,6.976,0.281,13.4,22.7,-3.8,65,0,0,1,7.535,0.180007337,"Shrublands",-0.252706960367553,0.299307154438723,0.189828168532055,-0.404710913973998,0.694517573260257,"Csb"
"137",175,137,-70.524528,-41.0335,"South_america",26.361,0.914,0.078,882.865,11.729,6.832,0.417,12.9,22.5,-2.8,72,0,0,1,7.503,0.210266817,"Shrublands",-0.208665624103993,0.395478387596652,0.0447448192985547,-0.0931210311558185,0.451514156696711,"Csb"
"138",176,138,142.556909,-34.204296,"Australia",22.826,2.061,0.204,233.457,10.118,7.487,0.218,13.8,32.6,3.8,13,1,0,0,8.047,0.385160538,"Dry forests",-0.567081911809122,-0.197358432626567,0.666887296719301,-0.515501176720958,1.38501498086604,"BSk"
"139",177,139,142.481679,-34.24777,"Australia",21.496,1.124,0.073,178.518,15.403,6.78,0.214,13.8,32.6,3.8,14,1,0,0,8.047,0.380188814,"Dry forests",-0.369721575518136,0.120378115207286,0.431661105603893,0.24880167070635,0.324538993028783,"BSk"
"140",178,140,142.508839,-34.018527,"Australia",26.13,1.365,0.094,204.508,14.572,7.398,0.211,13.8,32.7,3.8,13,1,0,0,8.047,0.342156385,"Dry forests",-0.595964551940567,0.0952854836487102,0.83738797541985,-0.388688736191925,1.34933532039353,"BSk"
"141",179,141,142.460103,-33.960183,"Australia",13.704,1.021,0.1,189.702,10.213,7.082,0.213,13.8,32.6,3.8,13,1,0,0,8.193,0.328704968,"Dry forests",-0.477822833219074,0.386832680460606,0.373865092958993,-0.245114634045491,0.705289462548281,"BSk"
"142",180,142,142.686154,-33.931135,"Australia",22.755,1.385,0.113,215.726,12.285,7.297,0.212,13.8,32.8,3.8,12,1,0,0,8.193,0.355229244,"Dry forests",-0.429497709743874,0.125702440220568,0.573982404816748,-0.236234238214953,1.62816002643913,"BSk"
"143",181,143,146.309722,-31.556111,"Australia",41.887,1.951,0.132,315.811,14.804,6.818,0.303,13,33.2,4,24,0,0,1,8.795,0.348617103,"Dry grasslands",-0.179276514569181,-0.00435431440158879,0.216916702040252,0.0455964176098379,1.03576194287965,"BSh"
"144",182,144,147.707778,-31.8575,"Australia",72.111,2.633,0.202,778.903,13.009,6.257,0.337,13.7,33.4,3.9,25,0,0,1,8.831,0.383747301,"Dry grasslands",-0.215748585897517,-0.129760586831167,0.273833649578162,0.0409997507152519,0.531201490376226,"BSh"
"145",183,145,-71.244902,-29.311377,"South_america",28.888,0.317,0.039,253.5,8.194,7.758,0.059,9.4,24,7.6,110,0,0,1,11.19,0.216147077,"Dry grasslands",-0.112270606546258,1.31873926656516,-0.181187691836454,-0.0138264308990835,0.149791341033011,"BWk"
"146",184,146,-71.250724,-29.749902,"South_america",24.523,0.873,0.125,1051.895,6.988,7.288,0.076,8.3,22.6,7.6,104,0,0,1,11.509,0.226115782,"Dry grasslands",-0.354706665959803,0.592051060681467,0.514133257614184,0.0610800370214931,0.735293915715101,"BWk"
"147",185,147,-71.663635,-30.662263,"South_america",15.083,0.946,0.103,1035.068,9.209,6.742,0.118,8.9,24,7.5,127,0,0,1,10.431,0.339531718,"Dry grasslands",-0.199910821165106,0.693753933211138,-0.093102881228567,0.282781602837992,-0.0936077067968137,"BSk"
"148",186,148,-71.585444,-31.199813,"South_america",29.448,1.41,0.128,215.71,11.039,6.608,0.154,10.3,23.9,5.7,114,0,0,1,10.4,0.316288276,"Dry grasslands",-0.144971668150483,2.23809195476894,-0.000502248519700358,0.17492184552407,0.459221236940199,"BSk"
"149",187,149,119.177417,49.262694,"Asia",38.157,2.651,0.305,691.922,8.685,6.627,0.459,13,26.1,-31.1,113,0,1,0,4.397,0.229144002,"Boreal",-0.189456577428485,-0.386628523411543,0.00992579580075378,-0.000479917163135624,0.643872320637236,"Dwb"
"150",188,150,118.403778,49.494333,"Asia",18.105,1.581,0.146,337.777,10.803,6.707,0.436,13.3,26.5,-31.7,116,0,1,0,4.356,0.220866203,"Cold grasslands",0.0806238777982307,-0.184042414122383,-0.105670516849457,0.249766514878898,0.555420829080406,"Dwb"
"151",189,151,117.272139,49.525333,"Asia",31.941,2.699,0.259,737.783,10.441,6.672,0.429,13.3,26.2,-31.6,120,0,1,0,4.366,0.213825053,"Cold grasslands",-0.0159781805593228,-0.0744941436692584,0.0653835137367349,0.33971982013009,0.520695164681485,"Dwb"
"152",190,152,116.994528,49.031528,"Asia",33.778,2.18,0.225,686.402,9.673,7.098,0.355,12.8,26.9,-28.5,124,0,1,0,4.356,0.200827902,"Cold grasslands",-0.303580890654959,0.363895400653015,0.166961063632019,0.266508448394477,0.98523938974494,"Dwb"
"153",191,153,116.786556,48.609778,"Asia",34.219,2.034,0.188,640.654,10.81,7.118,0.321,12.5,27,-26.4,127,0,1,0,4.455,0.186922196,"Dry grasslands",-0.397167776912006,-0.132317816474423,0.167458972211987,0.14784845750114,1.30682383831082,"BSk"
"154",192,154,116.015833,48.223083,"Asia",25,1.174,0.13,427.572,9.066,7.124,0.242,12.7,27.5,-24.9,105,0,1,0,4.559,0.201105551,"Dry grasslands",-0.356675522786985,-0.197456511502362,0.249653383685032,0.0701141852135797,0.861318853927714,"BSk"
"155",193,155,58.6695,36.696167,"Asia",77.301,2.691,0.191,1165.825,14.06,7.427,0.264,14.9,28.9,-11.7,77,0,0,1,7.901,0.135438324,"Shrublands",-0.529996862237319,-0.0842548197204031,0.935968241977286,-0.447887682326147,0.321160299430539,"Csa"
"156",194,156,56.560944,37.371111,"Asia",74.833,1.432,0.119,986.384,11.997,7.752,0.195,13.7,32,-6.9,72,0,0,1,7.843,0.126175792,"Dry grasslands",-0.567254982420376,0.00377106611500468,0.939457210549262,-0.488672370718973,0.09165999973833,"BSk"
"157",195,157,58.109556,37.429083,"Asia",50.327,0.918,0.066,685.837,13.859,7.756,0.248,14.1,31.8,-8.8,72,0,0,1,7.618,0.164562094,"Shrublands",-0.530144734581809,0.34827747365608,0.719339482203863,-0.275369007999171,0.402408389602327,"Csa"
"158",196,158,34.820866,31.35779,"Asia",51.164,1.795,0.177,463.779,10.15,8.024,0.201,12,32,6.6,104,0,0,1,8.319,0.216929417,"Dry grasslands",-0.543788855253179,0.471687745048824,0.74750373690848,-0.370483467345689,0.696639765624331,"BSh"
"159",197,159,-99.655561,22.246529,"North_America",58.036,3.316,0.336,677.904,9.88,8.008,0.275,14.8,32.7,8.1,85,0,0,1,11.007,0.515788256,"Shrublands",-0.592750859163618,-0.340448067648585,0.548814170995738,-0.52288969887839,1.05331551398237,"Cwa"
"160",198,160,-100.943528,23.601688,"North_America",51.875,2.027,0.215,603.83,9.413,8.312,0.211,17.7,30.2,3.5,55,0,0,1,11.702,0.297915609,"Dry grasslands",-0.570739722205159,0.169359463766526,0.617068045238901,-0.395134153370793,0.516452362449989,"BSk"
"161",199,161,-100.420636,22.644511,"North_America",55.592,2.142,0.214,812.818,10.012,8.43,0.338,16,29.8,4.9,71,0,0,1,11.493,0.554224519,"Dry grasslands",-0.583816893024989,-0.259466852775808,0.48563663155803,-0.557788005426292,0.345406672916794,"BSh"
"162",200,162,-99.894557,22.64831,"North_America",72.949,2.296,0.235,971.796,9.762,8.412,0.321,14.9,33.9,8.2,76,0,0,1,11.064,0.360958083,"Shrublands",-0.562055119031698,-0.0340192820984683,0.606895280886074,-0.515780311628245,0.466083640322667,"Cwa"
"163",201,163,-101.055406,23.254883,"North_America",43.142,2.464,0.449,691.945,5.491,8.15,0.228,16.6,29.5,3.7,58,0,1,0,12.094,0.331052026,"Dry grasslands",-0.570671361613323,-0.147198899605119,0.501567489772528,-0.353017562949932,0.939318311950233,"BSk"
"164",202,164,-101.273809,23.204697,"North_America",35.88,2.201,0.256,563.99,8.601,8.024,0.209,17,29.8,3.8,63,0,1,0,12.094,0.270962301,"Dry grasslands",-0.53357679600158,0.425808078888976,0.55519505814643,-0.289658929650217,0.784113763894133,"BSk"
"165",203,165,-101.248559,23.737999,"North_America",48.398,1.571,0.182,395.872,8.64,8.343,0.18,18.2,30.5,3.4,56,0,0,1,11.995,0.252589635,"Dry grasslands",-0.559321360554964,-0.196073347261842,0.589084049805926,-0.499453127228147,0.616461936769869,"BSk"
"166",204,166,-102.455579,22.352438,"North_America",33.815,1.934,0.241,227.693,8.01,6.954,0.362,16.5,27.7,2.4,92,0,1,0,12.533,0.329386372,"Dry grasslands",0.107865109894604,-0.229213475623921,-0.148720270175705,-0.00861762450167359,1.34646337440962,"BSk"
"167",205,167,-2.422588,33.052487,"Africa",12.994,0.641,0.044,194.948,14.721,8.446,0.205,13.7,34.1,0.2,44,0,1,0,8.418,0.152473199,"Grasslands",-0.564836379805504,0.310352513436356,0.750570068309045,-0.331989549841316,0.350608118208998,"Csa"
"168",206,168,-2.372904,34.159182,"Africa",36.965,2.523,0.24,612.576,10.495,8.134,0.228,12.8,31,1.6,47,0,1,0,7.843,0.196310705,"Grasslands",-0.561592077170562,-0.068678069124733,0.902176226804595,-0.441894221328826,0.949765562764473,"Csa"
"169",207,169,-2.192604,34.430867,"Africa",43.569,2.518,0.22,700.929,11.445,8.154,0.252,12.7,31.1,1.6,50,0,1,0,7.843,0.263088301,"Grasslands",-0.531374721365085,0.0294980827814093,0.81575684423275,0.0375347578296265,1.25839730971705,"Csa"
"170",208,170,-3.373502,33.976574,"Africa",43.557,1.239,0.155,499.732,7.979,8.326,0.2,12.5,33,2.2,44,0,1,0,8.089,0.169887071,"Grasslands",-0.590202504608339,0.0329142784546688,0.634311117297963,-0.279348904069268,0.799308553732172,"Csa"
"171",209,171,-3.638859,34.473045,"Africa",77.602,1.123,0.13,564.169,8.659,8.214,0.315,12,32.2,2.2,55,0,1,0,7.608,0.188663679,"Grasslands",-0.58872750344026,-0.187375617699164,0.666728335601741,0.0795191123610539,0.961249926232791,"Csa"
"172",210,172,-1.999301,34.309672,"Africa",41.576,2.38,0.242,703.166,9.853,8.31,0.295,12.9,31.3,0.6,48,0,1,0,7.932,0.243277115,"Dry grasslands",-0.574596284758281,0.250445828546426,0.85204085989543,-0.240516540567489,0.559224753146784,"BSk"
"173",211,173,-3.558751,33.932621,"Africa",22.138,0.874,0.081,248.073,10.834,8.046,0.216,12.6,33.7,2.3,46,0,1,0,8.105,0.149621404,"Grasslands",-0.504767838096139,0.38497747460843,0.625972767186223,-0.214507101458492,0.582438229176379,"Csa"
"174",212,174,-2.728708,33.06768,"Africa",62.519,0.831,0.073,236.019,11.315,8.46,0.227,13.7,33.3,-0.4,46,0,1,0,8.418,0.161836513,"Grasslands",-0.588082924023949,-0.0358354258040871,0.749557179933304,-0.427202302833005,0.696991129289582,"Csa"
"175",213,175,-3.464915,34.625548,"Africa",47.864,2.995,0.237,413.761,12.629,7.992,0.311,11.9,30.9,1.9,54,0,1,0,7.268,0.205825141,"Grasslands",-0.493061106593263,0.0597987531414518,0.789062680564764,-0.202896426723652,0.408983829146207,"Csa"
"176",214,176,-2.2306,39.048208,"Europe",40.815,2.794,0.232,445.097,12.031,8.1,0.351,12.2,31.7,0.5,34,0,1,0,6.635,0.26104409,"Grasslands",-0.535836713705569,-0.331138978117011,0.915745034684335,-0.287402100721235,-0.0147060958383872,"Csa"
"177",215,177,-2.900725,40.068228,"Europe",51.066,4.051,0.388,389.829,10.44,7.694,0.416,11.7,30.7,-0.4,32,0,1,0,6.656,0.288653558,"Grasslands",-0.481844280145565,-0.467561768006849,0.846874089069875,-0.506928214384014,0.172130425733931,"Csa"
"178",216,178,-3.419164,40.208781,"Europe",45.577,3.055,0.311,342.744,9.837,8.024,0.379,11,31.8,1.2,37,0,1,0,6.51,0.310357538,"Grasslands",-0.514348166593004,-0.421455543713768,0.710133045393492,-0.377396976971908,0.185867377145022,"Csa"
"179",217,179,-3.618947,39.992036,"Europe",50.606,2.332,0.27,409.954,8.64,8.068,0.355,11.2,32.6,1.5,38,0,1,0,6.505,0.271971788,"Dry grasslands",-0.512603717585412,-0.172366292756746,0.832106890113578,-0.339045542183671,0.308538982253575,"BSk"
"180",218,180,-1.673747,37.821156,"Europe",47.598,2.484,0.231,281.793,10.748,7.562,0.32,11.4,31,2.4,40,0,1,0,6.541,0.379532647,"Dry grasslands",-0.532337136597127,-0.499305443694656,0.71056870852117,-0.41713028016242,0.137187148985289,"BSk"
"181",219,181,-2.514767,39.207539,"Europe",39.581,2.796,0.35,524.129,7.982,8.012,0.355,12.3,32.2,0.5,34,0,1,0,6.609,0.26596534,"Grasslands",-0.48208521453621,-0.316696549675765,0.79873518909811,-0.30757583422578,0.194474851756932,"Csa"
"182",220,182,-1.199478,38.588606,"Europe",40.629,3.619,0.345,326.411,10.491,8.106,0.394,11.6,30,1.2,34,0,1,0,6.39,0.249510699,"Dry grasslands",-0.516008941814933,-0.351016609229067,0.815777433505606,-0.286795383133399,0.583819441909255,"BSk"
"183",221,183,-2.877436,40.354792,"Europe",25.717,2.975,0.304,277.612,9.79,7.598,0.364,11.1,31,0.8,33,0,1,0,6.656,0.368756372,"Grasslands",-0.507456345428438,-0.287996913623024,0.668725371403231,-0.464973502097283,0.511883454652576,"Csa"
"184",222,184,-1.717695,38.791855,"Europe",34.594,2.792,0.28,534.057,9.974,8.248,0.362,11.9,30.7,0.5,34,0,0,1,6.515,0.283278045,"Dry grasslands",-0.511381683544741,-0.349702729977246,0.539857852557669,-0.434586078500095,0.523763105074748,"BSk"
"185",223,185,-1.836988,37.721332,"Europe",17.798,1.412,0.104,477.918,13.619,8.554,0.286,11.1,31.3,3.4,42,0,0,1,6.541,0.285675577,"Dry grasslands",-0.544262466534688,-0.343273167270139,0.773618656089805,-0.529496078832356,0.586455115946137,"BSk"
"186",224,186,-1.784601,37.726728,"Europe",39.528,3.715,0.269,420.103,13.808,8.102,0.284,11.1,31.3,3.5,42,0,0,1,6.541,0.253094378,"Dry grasslands",-0.538982697096514,-0.205879141740694,0.904881300758552,-0.459880427056135,0.20540337880922,"BSk"
"187",225,187,-0.963246,38.308579,"Europe",60.216,4.428,0.401,514.94,11.037,8.311,0.334,11.5,30.8,2.8,40,0,0,1,6.243,0.288729276,"Dry grasslands",-0.53400465201897,-0.246138690558424,0.604811939819459,-0.417285506026695,0.246298792637826,"BSk"
"188",226,188,-3.388677,40.36936,"Europe",50.778,2.996,0.187,333.031,15.998,8.217,0.408,10.9,30.8,0.6,37,0,0,1,6.51,0.301322622,"Shrublands",-0.492054213306215,-0.302943060113566,0.924776428650812,-0.297937189592127,-0.0654437681842645,"Csa"
"189",227,189,-1.232379,37.593066,"Europe",56.613,1.679,0.185,1118.847,9.062,8.362,0.241,10.8,31.8,5.5,48,0,0,1,6.395,0.231895022,"Dry grasslands",-0.585938299901652,-0.0986740896142577,0.855757674566905,-0.359549833587871,-0.00448757263328164,"BSk"
"190",228,190,-1.802287,39.538668,"Europe",47.413,3.645,0.287,532.57,12.717,8.202,0.415,11.9,29.9,-0.5,29,0,0,1,6.552,0.324465122,"Shrublands",-0.519365557182193,-0.476393203613511,0.77660569784997,-0.467329290195638,0.118822741906723,"Csa"
"191",229,191,-1.527039,38.065532,"Europe",47.583,3.375,0.135,253.332,25.087,8.176,0.279,11.7,32,3.1,42,0,0,1,6.557,0.289158308,"Dry grasslands",-0.519832587261752,-0.211587610367674,0.904572942607969,-0.306452278648689,-0.00439188008718651,"BSk"
"192",230,192,-2.345141,39.127509,"Europe",47.706,4.29,0.335,438,12.811,8.279,0.355,12.2,31.9,0.5,34,0,0,1,6.635,0.289360205,"Shrublands",-0.450638667233318,-0.301711850317881,0.766042724167225,-0.545252011566041,0.415767066844821,"Csa"
"193",231,193,-2.879354,40.018028,"Europe",46.7,2.031,0.14,201.896,14.537,8.366,0.419,11.8,30.7,-0.4,31,0,0,1,6.656,0.305057724,"Shrublands",-0.493599078892714,-0.373367838267417,0.886552802779875,-0.355497667937271,0.0255061245884784,"Csa"
"194",232,194,-2.039614,37.6339,"Europe",26.3,1.54,0.154,209.924,9.974,8.434,0.351,11.1,30.6,1.9,39,0,0,1,6.761,0.293423391,"Shrublands",-0.493460489899232,-0.203740349278047,0.647755902848571,-0.425442474392317,0.625454578102861,"Csa"
"195",233,195,9.647121,34.494253,"Africa",39.68,1.131,0.108,359.456,10.494,8.352,0.125,12.4,35.2,4.2,46,0,1,0,7.122,0.139627321,"Dry grasslands",-0.606445726593457,-0.0165050834678874,0.545575669388004,-0.486879789373682,0.515434818946017,"BSh"
"196",234,196,8.673783,35.167767,"Africa",44.417,2.43,0.201,412.685,12.101,8.308,0.261,13,35.3,1.2,27,0,1,0,7.289,0.284968936,"Dry grasslands",-0.519458223110083,-0.534340964524205,0.610927231137043,-0.569417099198372,0.882908393369741,"BSk"
"197",235,197,9.97436,33.52157,"Africa",29.381,0.81,0.072,281.085,11.244,8.37,0.16,11.7,35.5,3.9,60,0,1,0,7.268,0.155728872,"Dry grasslands",-0.589859883494867,0.360149231526592,0.566878824146009,-0.484656815314937,0.854078581106358,"BWh"
"198",236,198,9.116646,35.160036,"Africa",43.336,1.243,0.117,234.606,10.583,8.556,0.194,13.4,36.5,2.7,29,0,1,0,7.116,0.197900667,"Dry grasslands",-0.569090142530808,-0.43260084787697,0.506064396574242,-0.565290178761471,0.854794672555443,"BSk"
"199",237,199,9.717897,34.956452,"Africa",44.959,1.715,0.163,469.6,10.513,8.344,0.168,12.7,35.1,3.5,38,0,1,0,7.064,0.182480673,"Dry grasslands",-0.578303502944081,-0.18733519050263,0.646520196207594,-0.516307837322354,0.830819257690704,"BWh"
"200",238,200,10.498595,32.98347,"Africa",13.605,0.147,0.02,85.303,7.384,8.68,0.096,12,36.7,5.6,66,0,1,0,7.603,0.125797109,"Dry grasslands",-0.559925494857214,0.345537675595953,0.461753270528665,-0.502257123702772,0.170160427470343,"BWh"
"201",239,201,-112.552224,37.113448,"North_America",22.379,1.532,0.112,210.039,13.621,8.268,0.26,17.4,32.8,-7.2,30,0,0,1,8.434,0.237194915,"Shrublands",-0.414841976988472,0.199267367019034,0.63612352003865,-0.355620780699387,0.907786047979847,"Csb"
"202",240,202,-109.710268,38.173514,"North_America",18.867,0.929,0.09,230.138,10.344,8.686,0.186,16,34.5,-8.6,24,0,0,1,8.23,0.18452491,"Dry grasslands",-0.522941598398492,1.15774087292739,0.395474435230277,-0.336801650244318,0.394973372365169,"BSk"
"203",241,203,-109.910049,37.581928,"North_America",43.799,1.54,0.169,463.455,9.094,7.982,0.284,13.8,30.3,-8.5,28,0,0,1,8.397,0.255668534,"Dry grasslands",-0.410046571938786,0.291108403829185,0.538184217592157,-0.349949808305185,0.845066903868697,"BSk"
"204",242,204,-111.696845,37.086092,"North_America",1.4,0.29,0.062,76.397,4.666,7.684,0.102,14.9,35.5,-4.8,27,0,0,1,8.314,0.128648926,"Dry grasslands",-0.445871573415643,1.88391256112403,-0.230761733398367,0.047472159864578,-0.250202078740969,"BSk"
"205",243,205,-112.02167,37.507278,"North_America",16.979,1.059,0.067,334.4,15.826,8.09,0.203,16.8,31.9,-8.1,27,0,0,1,8.539,0.195679725,"Shrublands",-0.468233686649313,0.937256735000502,0.51584761794957,0.0255907916081256,0.311495424801171,"Cfb"
"206",244,206,-109.413583,37.730413,"North_America",32.262,2.424,0.2,263.243,12.093,7.638,0.34,14.6,29.5,-10,27,0,0,1,8.565,0.341752497,"Dry grasslands",-0.596817726292563,-0.0311660727388208,0.141123209554255,-0.597155332244923,0.171788453407439,"BSk"
"207",245,207,-110.516686,38.003108,"North_America",11.791,0.412,0.052,201.073,7.965,8.672,0.117,16.6,35.7,-8.9,30,0,0,1,8.042,0.164284681,"Dry grasslands",-0.574650074706751,0.7218858635156,0.551821881576794,-0.500701401982252,0.213395369222659,"BSk"
"208",246,208,-111.856829,36.685466,"North_America",9.933,0.233,0.02,147.2,11.782,8.306,0.137,15.5,34.1,-5.5,30,0,0,1,8.471,0.154870983,"Dry grasslands",-0.561889287602008,0.868987222614365,0.472146547991721,-0.406709321104763,0.454003490316747,"BSk"
"209",247,209,-115.79572,33.754262,"North_America",22.845,0.736,0.085,591.413,8.62,8.176,0.135,15.4,36.9,1.8,47,0,0,1,7.807,0.161104519,"Dry grasslands",-0.560117584437504,0.794617885122157,0.426297890891701,-0.374529205678084,0.437252800564623,"BWh"
"210",248,210,-115.811803,33.750666,"North_America",9.933,0.313,0.078,441.578,4.012,8.656,0.127,15.5,37.2,2,47,0,0,1,7.807,0.161382135,"Dry grasslands",-0.533698841775851,1.81825691317729,0.14366960271783,-0.208671864436719,0.350590219676316,"BWh"
"211",249,211,-69.946911,9.666497,"South_america",59.628,3.945,0.448,1074.655,8.809,6.994,0.495,10,27.9,16,41,0,0,1,13.281,0.617090558,"Shrublands",-0.238055734750837,-0.371763969390705,0.342392698502705,-0.0321758177566304,0.33921507075807,"Aw"
"212",250,212,147.388211,-33.844892,"Australia",30,3.196,0.202,318.338,15.816,6.74,0.364,13.1,32.1,3.1,14,1,0,0,8.403,0.411760609,"Temperate forests",-0.0730921322147249,0.0620599366240464,0.190530607213647,0.497288444280073,0.601260161567897,"Cfa"
"213",251,213,146.208538,-34.357823,"Australia",35,4.163,0.442,600.575,9.415,8.47,0.308,13.3,32.4,3.2,14,1,0,0,8.162,0.427458103,"Dry forests",-0.327008952960342,0.514576891165174,0.383975125732969,0.155176952112096,-0.00244796505976083,"BSk"
"214",252,214,146.308989,-34.415466,"Australia",44,4.932,0.123,272.359,39.975,8.93,0.317,13.3,32.4,3.2,14,1,0,0,8.162,0.445376506,"Dry forests",-0.544894663609709,0.131222350544972,0.671337395296148,-0.166793785798296,-0.0698865455134689,"BSk"
"215",253,215,146.576361111111,-34.2837222222222,"Australia",41,2.418,0.106,218.363,22.841,6.44,0.332,13.2,32.4,3.3,13,1,0,0,8.199,0.359797237,"Temperate forests",-0.465166327042942,0.203827542287307,0.674851789919453,-0.0738015385960086,0.677285286974582,"Cfa"
"216",254,216,146.919987,-34.346187,"Australia",34,1.737,0.633,504.515,2.745,8.66,0.353,13.1,32.2,3.1,13,1,0,0,8.199,0.387633891,"Temperate forests",-0.092694412620898,0.373683973872956,0.326627838021743,-0.104011883171967,-0.565637206030601,"Cfa"
"217",255,217,147.422757,-34.435437,"Australia",30,9.657,0.243,209.738,39.791,7.07,0.423,13.2,31.8,2.5,14,1,0,0,8.277,0.430309962,"Temperate forests",0.437328966343337,0.179435127370736,-0.197555347497396,0.519017174329239,-0.397904043612792,"Cfa"
"218",256,218,149.88757,-34.743692,"Australia",32,4.865,0.254,175.641,19.175,5.52,0.61,12.3,26.5,0.7,14,1,0,0,8.193,0.565177391,"Temperate forests",0.72538612842955,0.123727272425884,-0.493994170313974,-0.17137799391217,-0.517768724422083,"Cfb"
"219",257,219,150.862162,-33.654888,"Australia",35,3.456,0.24,227.958,14.419,5.465,0.654,12,28.4,4.1,30,1,0,0,8.235,0.591297968,"Temperate forests",0.250201145545531,-0.457568755070885,-0.140429990569779,-0.109638049619528,-0.45028562037355,"Cfa"
"220",258,220,150.771211,-33.621635,"Australia",39,8.447,0.269,576.724,31.351,5.63,0.652,12.7,28.9,3.5,32,1,0,0,8.235,0.56464741,"Temperate forests",0.632060467234659,-0.487692685535258,-0.689943470273395,-0.0166576654543081,-0.680612232126921,"Cfa"
"221",259,221,148.919106,-34.362568,"Australia",33,3.873,0.184,186.683,21.049,5.12,0.58,13.7,28.7,0,13,1,0,0,8.565,0.566010462,"Temperate forests",0.67835937972319,-0.723190447670784,-0.716369929580481,-0.505254835477296,-0.680698294609926,"Cfa"
"222",260,222,148.947758,-33.981005,"Australia",34,2.449,0.134,118.874,18.271,6.18,0.473,14.3,30.6,1.1,14,1,0,0,8.732,0.435559186,"Temperate forests",0.534239265144818,-0.0458937985653787,-0.161897339747178,0.421405246112046,0.269259178562358,"Cfa"
"223",261,223,148.609224,-33.833655,"Australia",39,7.316,0.421,454.321,17.378,7.24,0.444,14.3,31.8,2,15,1,0,0,8.732,0.509908109,"Temperate forests",-0.188359276895168,0.253096951826079,0.40531439388659,0.295743210564524,-0.23994215616207,"Cfa"
"224",262,224,148.172742,-33.505705,"Australia",38,9.079,0.454,385.054,20.016,8.1,0.432,13.8,32.4,2.8,15,1,0,0,8.617,0.437654019,"Temperate forests",-0.404407250645546,1.38713139656884,0.348619868119442,0.646339384271075,-0.400937719028202,"Cfa"
"225",263,225,148.203347,-33.729918,"Australia",37,4.745,0.331,282.991,14.314,7.35,0.465,13.8,31.9,2.5,13,1,0,0,8.617,0.503094045,"Temperate forests",-0.219266659612948,-0.175506167425676,0.494105692087309,-0.0741489236747385,-0.382305543469018,"Cfa"
"226",264,226,148.164342,-33.324038,"Australia",33,8.818,0.474,446.994,18.596,8.48,0.429,13.6,32.4,3.2,15,1,0,0,8.643,0.456203321,"Temperate forests",-0.123549041425134,0.153849453370036,0.323605311921616,0.0881527449036746,-0.590716324431914,"Cfa"
"227",265,227,150.238876,-34.506477,"Australia",29,2.882,0.091,86.081,31.807,5.93,0.762,11.7,25.4,0.9,20,1,0,0,7.979,0.639602218,"Temperate forests",0.677377928098431,0.421583429968196,-0.22743998405206,0.291688596756072,-0.493868068427769,"Cfb"
"228",266,228,145.726367,-34,"Australia",37,3.029,0.277,394.7,10.947,6.36,0.286,13.3,32.5,3.4,13,1,0,0,8.12,0.342358295,"Dry forests",-0.266295689388027,0.0094643203605002,0.632954310262195,-0.0605400076719778,0.0645873095385321,"BSk"
"229",267,229,146.071294,-34.254023,"Australia",32,2.531,0.222,263.626,11.4,8.9,0.296,13.4,32.2,3.1,13,1,0,0,8.162,0.444518385,"Dry forests",-0.411777576584003,0.0113478977500604,0.478684887517743,-0.0918163845437172,0.587447732455375,"BSk"
"230",268,230,150.99395,-33.909637,"Australia",39,5.472,0.478,390.072,11.439,6,0.798,10.6,27.3,5.6,28,1,0,0,8.235,0.489617224,"Temperate forests",-0.124269830156828,0.0927534823985886,0.21293338383383,-0.0375482187648873,-0.299909209766329,"Cfa"
"231",269,231,151.057451,-33.982,"Australia",33,12.321,0.616,150.402,20.014,4.83,0.924,10,23.9,19.5,28,1,0,0,8.115,0.408353506,"Temperate forests",0.180027869231118,-0.719437648497164,-0.713883586027597,-0.439242964694958,-0.718014983110601,"Cfa"
"232",270,232,142.0837778,-34.127508,"Australia",33,1.08,0.044,189.728,24.8,7.334,0.199,13.7,32.7,4.2,14,1,0,0,8.047,0.364567,"Dry forests",-0.297034121330389,0.730629118755944,0.243513180835882,0.49018484319984,0.670769397568776,"BSk"
"233",271,233,142.20495,-34.158906,"Australia",32,1.547,0.085,143.822,18.201,9,0.203,13.7,32.7,4.1,15,1,0,0,8.047,0.3350395,"Dry forests",-0.481908210677489,0.710205153268063,0.599018066719658,-0.0833597750106213,0.093288593334304,"BSk"
"234",272,234,-67.6355555555555,-54.9349999999999,"South_america",50,20.425,1.572,576.097942,12.994,4.78,0.924,7.9,13.8,-1.5,15,1,0,0,4.021,0.441363827,"Cold forests",0.853063100122594,-0.711346451933847,-0.629213732634311,-0.579020961944203,-0.715177374500828,"ET"
"235",273,235,-67.6352777777777,-54.9541666666666,"South_america",58,17.135,0.895,726.9112025,19.154,5.38,0.998,7.9,12.9,-2.4,15,1,0,0,4.021,0.441363827,"Cold forests",0.492685778518213,-0.628920522500177,-0.492312582141036,-0.559982887505129,-0.687535636822239,"ET"
"236",274,236,-67.6325,-54.9588888888888,"South_america",60,6.008,0.352,584.4627884,17.081,4.17,1.129,8.1,11.3,-4.1,15,1,0,0,4.021,0.441363827,"Cold forests",0.670652920266645,-0.695430256312627,-0.687928882583737,-0.505544021129883,-0.469256302108762,"ET"
"237",275,237,-67.6327777777777,-54.9718611111111,"South_america",59,0.82,0.112,666.6351033,7.293,4.75,1.146,8.1,11,-4.4,15,0,0,1,4.021,0.441363827,"Shrublands",0.0176182821884804,-0.765860883060827,-0.719237713982741,-0.352922439505026,-0.448556668955543,"ET"
